count,360.0
mean,0.1322222222222222
std,0.19990403144739186
min,-0.5
25%,0.0
50%,0.1
75%,0.2
max,1.0
median,0.1
skewness,0.2790459386191692
kurtosis,2.40494439800041
